Name,IGN
Adrian,"""zombieac"""
Andrew,"""Geiger06"""
Andy,"""GPBeardz"""
Andy,"""Pnzr"""
Barrett,"""ForgedPixels"""
Ben,"""Rhevik"""
Ben,"""YellowChecker"""
Benj,"""ashabanapal"""
Billy,"""ehlien"""
Brad,"""BlessRNG"""
Braden,"""BananaBreaden"""
Brandon,"""Derragyn"""
Brent,"""devnull"""
Caitlin,"""PrincessCMoney"""
Chris,"""LiXuanJun"""
Chris,"""Baba"""
Chris,"""C4"""
Chris,"""MuckyBarnes"""
Christiane,"""CrazyAne"""
Cory,"""HernCo"""
Cory,"""Korgoth"""
Cory,"""poundaround"""
Dan,"""Diblet"""
Danny,"""FreeDanny"""
Dave,"""paradoxiq"""
David,"""FireJuggler"""
Dougie,"""Dougie_Sty1e"""
Dustin,"""Sariel"""
Dylan,"""Cadabra"""
Eric,"""proteus"""
Euan,"""EuanReid"""
Gavin,"""Wyverstein"""
Glenn,"""Splider"""
Hunter,"""Zalgoose"""
Ian,"""subninja"""
Ian,"""crash7800"""
Jack,"""LiquidOrange"""
Jason,"""diablo2_v"""
Jeanne-Marie,"""hedgedevil"""
Jeff,"""nxtlvls"""
Jen,"""moreandmore"""
Jesse,"""GTez"""
Joe,"""Idajoe"""
Jon,"""cygx1000"""
Jordan,"""Jrdn"""
Juan,"""ELButcher"""
Kate,"""meatocracy"""
Katie,"""TeaTime"""
Kristen,"""Ahrelia"""
Kyle,"""kdisanjh"""
Lauren,"""Mikella"""
Matt,"""MattC"""
Matt,"""neurostorm"""
Mel,"""LokMel"""
Michelle,"""Serenitee"""
Mike,"""Ballast"""
Mike,"""devbug"""
Mykola,"""ttvd"""
Nick,"""SquidmoX"""
Quentin,"""Tinouti"""
Reid,"""rbuckmaster"""
Richard,"""pangsaber"""
Rob,"""VectorWarrior"""
Robin,"""Robinator"""
Roger,"""BigKaboom"""
Ronald,"""Tritemare"""
RuthAnne,"""bunheadwhat"""
Ryan,"""boshank"""
Ryan,"""rsflux"""
Sam,"""Azulik"""
Sean,"""Fluf"""
Shawn,"""Grok"""
Simon,"""sbeaumont"""
Simon,"""simon"""
Tanner,"""Tanjams"""
Tony,"""iLikeTurtless"""
Travis,"""Indalamar"""
Victoria,"""LovableOverseer"""
Vivay,"""angryclone"""
